BRO&N;https://broniboy.ru/_next/image?url=https%3A%2F%2Fimages.broniboy.ru%2FIPMC4kjJ5eiJDrQ1GoHD-KzHz7U%3D%2F600x0%2Fsmart%2Ffilters%3Asmart_sharpen()%3Aallow_webp(false)%2Fown%2Fcfe336b1-f9ca-46e9-a139-4b1ca6c4d949%2F3fe6fbf9208a69ba3ec0f43afc0d1a47.jpg&w=256&q=90;40 мин;190;4;4a0f97cf-8067-cc87-e912-06b891ca5b95
Шоколадница;https://broniboy.ru/_next/image?url=https%3A%2F%2Fimages.broniboy.ru%2FFYoQ3Z93N2kC2_sC4pEzN2BFcmg%3D%2F600x0%2Fsmart%2Ffilters%3Asmart_sharpen()%3Aallow_webp(false)%2Fown%2Fbe215c25-91f1-4291-a34f-d499b66f51f1%2Fbecca175a5857b37243c135d79f8891d.jpg&w=256&q=90;45 мин;190;2;e6005b6e-78af-62d6-785f-953a29977a1d
Хачапури;https://broniboy.ru/_next/image?url=https%3A%2F%2Fimages.broniboy.ru%2F-6CrePwIKMCkvCtjDlEsZT3dRB0%3D%2F600x0%2Fsmart%2Ffilters%3Asmart_sharpen()%3Aallow_webp(false)%2Fown%2Ffd67c00a-9ea5-43f4-a5e4-ddaa19e9c2ea%2F635805ca92e7a4d39fb86bf69dcafe2e.jpg&w=2048&q=90;45 мин;190;2;a85be4e5-4c7d-98a3-8487-e28ad700ad29
Mr. Ливанец;https://broniboy.ru/_next/image?url=https%3A%2F%2Fimages.broniboy.ru%2Fkd5Gts_uw286vmql2cMDNmDG4i8%3D%2F600x0%2Fsmart%2Ffilters%3Asmart_sharpen()%3Aallow_webp(false)%2Fown%2F7b447778-d5f6-40b3-8549-2e3a8e128ba0%2F9a1a44fbc1887dfe9e4b24297b8d364f.jpg&w=2048&q=90;45 мин;190;3;1afae289-edc2-77f0-24c8-aedfe7349a8c
BARBOSCO;https://broniboy.ru/_next/image?url=https%3A%2F%2Fimages.broniboy.ru%2FaJsKxgh1V9iQldGzE46bXzKx5pA%3D%2F600x0%2Fsmart%2Ffilters%3Asmart_sharpen()%3Aallow_webp(false)%2Fown%2Fef3ea803-b8a7-42b8-b4dc-af6c584190c9%2F862996e7f5564e5a92fe65fb030cadac.jpg&w=256&q=90;50 мин;190;2;a3c66e90-8d5e-aa30-41aa-75b0fc252c27
АССА;https://broniboy.ru/_next/image?url=https%3A%2F%2Fimages.broniboy.ru%2FfYfiYxGcpuu0DU5B_phLC4dim2A%3D%2F600x0%2Fsmart%2Ffilters%3Asmart_sharpen()%3Aallow_webp(false)%2Fown%2F49f36e07-dc03-4921-a375-b68296bf5080%2F413c0a348ddad661c1a84f118bbf18ef.jpg&w=256&q=90;45 мин;190;2;6a58f364-6cd6-bb07-c879-1338ae079223
Ketch Up;https://broniboy.ru/_next/image?url=https%3A%2F%2Fimages.broniboy.ru%2FoXNAPiHgYLCUp7qwqQeoaJAa-OE%3D%2F600x0%2Fsmart%2Ffilters%3Asmart_sharpen()%3Aallow_webp(false)%2Fown%2Fc2790e99-81ec-405c-bdf2-823e594b7f60%2F519edd1e12a7ae919cc1a26077bfa0eb.jpg&w=2048&q=90;50 мин;190;2;e9ca52cc-9b10-9956-e61b-93baf0eb913e
1-я Креветочная;https://broniboy.ru/_next/image?url=https%3A%2F%2Fimages.broniboy.ru%2Fhc_ZPKDk8jkPDRRuJP-wt0zloj4%3D%2F600x0%2Fsmart%2Ffilters%3Asmart_sharpen()%3Aallow_webp(false)%2Fown%2Ff68f24a1-31bd-4fe8-8f3f-6493b1e24d92%2F5a2b476b540137e18fa32ed4c206acf2.jpg&w=256&q=90;50 мин;190;2;430c43c7-8081-8527-d17d-45b55a5b11d6
Papa’s bar & Diner;https://broniboy.ru/_next/image?url=https%3A%2F%2Fimages.broniboy.ru%2FW5phW_F8_q7V50XFUguyCN_MBmE%3D%2F600x0%2Fsmart%2Ffilters%3Asmart_sharpen()%3Aallow_webp(false)%2Fown%2Fb2ce13ba-f9aa-4415-8519-d26d581504a7%2Fb060d62257efc383869c1d2165a32abe.jpg&w=256&q=90;50 мин;190;2;936974fb-97cc-9d61-2f64-e25dc0489a8e
EAZZYPIZZY;https://broniboy.ru/_next/image?url=https%3A%2F%2Fimages.broniboy.ru%2FOoOLZuDpjxgwSuLWmB42KIM06Zk%3D%2F600x0%2Fsmart%2Ffilters%3Asmart_sharpen()%3Aallow_webp(false)%2Fown%2F6ec4bbf3-e2be-43c9-8685-805835238629%2F5b3c2739e966b41f52810c3b4a3005cd.jpg&w=256&q=90;45 мин;190;2;7a9670ea-3b63-62a5-16fb-47494612eb8a
SUBZERO;https://broniboy.ru/_next/image?url=https%3A%2F%2Fimages.broniboy.ru%2FrbCptqpv5NQk9m852Y0SfzlooDE%3D%2F600x0%2Fsmart%2Ffilters%3Asmart_sharpen()%3Aallow_webp(false)%2Fown%2F90728ed3-d27f-4df6-a559-a0c6a2edab01%2F3038ae4209462eff84f32c426218218e.jpg&w=2048&q=90;50 мин;190;4;c4a4215b-b7b9-7203-ac08-d8c5d1b559a1
PRIME;https://broniboy.ru/_next/image?url=https%3A%2F%2Fimages.broniboy.ru%2FxcaX0M4aEwLBX2RpaFJrSh5gLgA%3D%2F600x0%2Fsmart%2Ffilters%3Asmart_sharpen()%3Aallow_webp(false)%2Fown%2F66adb55b-1ccb-4579-b60c-ddeceb5037c6%2F9962ed861d88ea71bad4a9fcc2ad20b7.jpg&w=256&q=90;45 мин;190;2;97794750-a93e-24a8-43f5-fb2e94e1f7bc
ТоДаСе;https://broniboy.ru/_next/image?url=https%3A%2F%2Fimages.broniboy.ru%2F5O_K-pD6Vfm7oidD1OPey7ioxBM%3D%2F600x0%2Fsmart%2Ffilters%3Asmart_sharpen()%3Aallow_webp(false)%2Fown%2F9f4dc350-4e99-4562-b630-2587cdef3f2b%2Fde19c8bb5414d912cecc8bba9fd2cd41.jpg&w=2048&q=90;50 мин;190;3;653de088-3063-5c50-74a4-7f8acf6f322b
Mixsalad;https://broniboy.ru/_next/image?url=https%3A%2F%2Fimages.broniboy.ru%2FYCm9FJxZNYmdU3asKeyCE3t3ZXU%3D%2F600x0%2Fsmart%2Ffilters%3Asmart_sharpen()%3Aallow_webp(false)%2Fown%2F6f065868-d045-4c2f-8214-597115ba1b01%2F375ac6ecb91e94c606c8a61269791915.jpg&w=2048&q=90;50 мин;190;2;83533f2f-888b-1bc7-15ef-f4acbdd67c3b
Subway;https://broniboy.ru/_next/image?url=https%3A%2F%2Fimages.broniboy.ru%2FIhh35u4r-lJCoudRARBoVtvJi6E%3D%2F600x0%2Fsmart%2Ffilters%3Asmart_sharpen()%3Aallow_webp(false)%2Fown%2F7047c8ae-7704-467e-bb54-dec460227172%2Ff7d2b79859cb6c9c89d423b206b9493a.jpg&w=256&q=90;50 мин;190;2;204c6136-62f4-08a7-2e5d-72a049ee50e5
Larry & Krabs;https://broniboy.ru/_next/image?url=https%3A%2F%2Fimages.broniboy.ru%2FzA_CI6iPom513bQ-XYTqjH7VT9E%3D%2F600x0%2Fsmart%2Ffilters%3Asmart_sharpen()%3Aallow_webp(false)%2Fown%2F798846ee-0804-423f-9d27-7ce7dd2f6b23%2F97e31e693c97e583e772abefc392af21.jpg&w=2048&q=90;50 мин;190;2;2835d0dd-1234-4942-081b-a3e02aa13674
Одесса-мама;https://broniboy.ru/_next/image?url=https%3A%2F%2Fimages.broniboy.ru%2FIxBQAamL9I4sbZLgWL99JMccq6Q%3D%2F600x0%2Fsmart%2Ffilters%3Asmart_sharpen()%3Aallow_webp(false)%2Fown%2Fff5c542e-e7da-429e-849d-c23032eb5358%2Fded687d96c9257316c1a9a31fe57d458.jpg&w=2048&q=90;50 мин;190;2;8b92137a-48f0-d9dd-b1d7-ff04e67b2cb5
Primitivo;https://broniboy.ru/_next/image?url=https%3A%2F%2Fimages.broniboy.ru%2Fq2Zwwxp4daTknVy68v0jq3OpelY%3D%2F600x0%2Fsmart%2Ffilters%3Asmart_sharpen()%3Aallow_webp(false)%2Fown%2F1a2ac862-e041-45b4-b927-fc86942b7a55%2Fb00f4e61f1035f49a1ad75244eb18f37.jpg&w=2048&q=90;50 мин;190;2;55c0268f-490e-5df4-1af0-fe7a07777a0d
Cheesemania pizza&pasta;https://broniboy.ru/_next/image?url=https%3A%2F%2Fimages.broniboy.ru%2FZecuHnBQLLi3jjTB6IYkQcmfMiQ%3D%2F600x0%2Fsmart%2Ffilters%3Asmart_sharpen()%3Aallow_webp(false)%2Fown%2F906cadd0-43cf-41bc-9d6a-3dceebe5b631%2F46b984d184d491d01ef1028154d2d958&w=2048&q=90;45 мин;190;2;cb849acc-5446-4613-0477-b7bca7374d5e
ББ&Бургерс;https://broniboy.ru/_next/image?url=https%3A%2F%2Fimages.broniboy.ru%2FG2YKgahiRadlfaLtE9d6VjvxYiU%3D%2F600x0%2Fsmart%2Ffilters%3Asmart_sharpen()%3Aallow_webp(false)%2Fown%2Fb1feec28-c22c-46d9-a899-66d5c37af1af%2Fd8c938f4b5d7635cfd32184847173644.jpg&w=256&q=90;50 мин;190;3;e2bc7f25-183d-cd87-3d01-f53a9dbeedfc
